sha256,sha1,md5,positives,total
7906975146dfeeefc375c1acbe1a81f05a617188d61b5f17eac8aa7e1be700d5,546d1f7f0d4f5efada6109344da76cf098cc74aa,dbddea7278fe7d21c6e262cfe92a01d2,27,66
d097ca2583425f648592138b57562334c0b83d3179634fd43a0b611bdf720122,4ece22c0a4bde2a2f2936d87d9d6acb5668c3c78,dc534760d1110201433d670e90ac2ed2,42,60
a53e7ce0bbf24cef74818a3339d60ad2c6fc5afbebb556c3e971e001ca9f5952,739cade35496f2c4318687fb77e88dd344fe3110,16ca460642c5d4fdfbf8534f2887e70b,16,57
3c7f0357b60497d0e3cdb06921da81bd6f7535669be7269951e137457d8b7c83,5aeb08ea42403aeaf039d2d0f1b217485f123fa0,fe350798e5ed689e7c680e0bebf0bbbd,35,64
ca1e9ad96796792527ad0286916ff59bcb0acb99433adea753d5dad26e327081,820d1b5b75ae5174e31a04fde704f01aaf8a1ece,652ceabd676b70746491548bc77ea6f7,37,62
7212ef3aa7a7a8e1daee58a711cf5d06a4e2efa1fd9eff8d55cae065cd2651bc,849a9e974a47a23af005a0d4b5bc7c0248a0d13a,6775051a34e2f0acef33fbe801ee62c4,30,59
ae12b461fa093bc9a7c2ada3b0e1291ad61e5dc788a73be834b570741ac69c8e,1e8627ddab5cb302058bf4edfbe21159cb0a3444,a984e04b642afa8be9ab12267c71d21d,13,57
b1b56f177a463229c447d60683f7420530042faefc2f50077d7dd137ee40ba5d,1af07d2d24adf92faf1bdf2357a098b3949fdbb3,f3b72059e2de728e8e501e3ad626af45,46,67
f1d83f3c30658ddff9efd866d06b7b5db3e0b999b699aead43de4ba3d6e3fc84,e36c8d00c1000ccc8caccbbaab2be92ca137007a,5cbb7d5ad4093165191596a1f3c6007c,43,65
4ce42b0b74090b13a3a1692caeabfd4df748e8fa0220ba1342765fe56b399348,52ecf628c9fe25f2eedca8da56aa0785958e2638,f1d94fcc611053cd5162e70dc36fddfa,45,66
ba5f2e8be9a5e26d6955db573a3ba5acf85e277ac4dec5bd8a166d9fed95e566,e24b0fa4f622ad953e71c568a6640ee775a697cd,dc8aac7ceb40749546e012e57665e9bc,38,61
a8130d6e0367f83f68640720c35d12b339c1a84e371cff73524fcaa0fc62f44c,4206e477cb8c3b12eb65206310b9cc29e1c4f99e,17730f2c1447ac620dc60a8cd9c1f845,43,68
893b7cf6d46fcb3c21098d5595837bab76dad1feca5f77d39b32c69eed9f2064,ff8d51c6436955490eb0757c8caceb665c2ffc67,398c0e312fd1871669152f184ad070d8,48,68
aed70746b2f0fe98069f69eef6d94fe8dc736ed3afd963ae1346bec2ea19064d,48d111f9b1f51588ae6093b509bdb60c3b929e16,f31baeb37a20a7a95322fdfafdd2fa84,31,59
2f016c4efb701d8477f0a81bbd9bbabd2cd32af66b71a2b53cf7568f3c4f2265,1fee814d185c03b76999fc6fb93b1c8c4e2a4cd8,7ec0285435b6ff1a7bab5ad1ee163dcf,27,60
f8c47fd2c8c26ffb7475a9286df27a5e7f35a496d9671351be629deaf16818b4,f5d8e3204379e97083c49a425e583b1d41b5a92f,93746c017a6f1f1a39be1e19cd0bedc0,39,67
676c51b97b210ab5ddb00e79182bf7f9b13bff8c4c4fc7cfa995ca665d28bcfd,1c26512a1a106439ceeeb7ad51951aba26ac3606,e05bb32a5fe2713dd80a65b96c8812cc,38,60
1d853f68927005c2158b9e5730d78b0c13e7306339a2807cc24fdbf82e37b647,985e0b3bbbb0f4b22e7c1735806b58e4d6122d1e,d61890ca02ba3ae5be16637c64f1f2b9,33,64
2f39e7665ba9980af2ca8e51497744b10a6adeb19d41eaa5e27ec301e19ca6af,312585e17ba461be0fbb5a98a1552be9017ffe8e,772379abf7c754602d5f93a644aed0c8,31,66
ba3bdf137b0c3c090ba8f7659bfdd676a4bdd4f2d4db4ecb3a941d7e266d9f93,0a572934e5cee66657b967499bb062cc8401308c,e932df3f32e18cca7dc5fa2e99558d38,50,68
7191bacce32bac868401f96bdcf0c59275951ba2ceabc27e295d3c9ccd9c0474,ea060b9e447d87cd2a8194c3110acfc2f0fb49dd,14780b5a751c81330858aa795b384be9,44,66
efba917a1d69be18eb1a51dfebdb86708d2e5012d98ea1a3c68e8436eb71b330,bf9acd7ed87500f17c1eaea0cf980d9e3879ebb1,27172d1a13653835496538a20f47be2e,44,67
928a60bd3c73c561789e3b57592d31af702563136878c6de3117fd4a91130c59,41d920fbaf3916b6e8b4d439f5e6f4868627c25c,99fc72af7a98dd3356175428042340e5,42,67
452a80def2d12fc29f5f7ba58349edc22439527e8742bffb9b61f598e0cbfbc3,ffb3e79c9e6338f10dff6ca1bb2a969bd8cef53d,a1190802e409ece5476be1de603cb764,53,67
1e24e03e9ffdbe39ca8d357d0130aff5c50f2ddd7b2f613ab9dc01f02d0527d3,fa44250d46dc70d4a3061a6174d697245411fc05,a514e1b9b6a313f06456520f1881c9a4,33,67
525a71a87a0bad82fbb06ac54664622456eee8c5d9773a5df4221bea89d83790,de381d06a2f4d54f723f97ee39d166d90dd22900,7cea96fadb3fb4fcfe7b9f2eefa37fee,31,60
9b186eb4d11a54bc63b8704b8013312be6b568cd04a0844ebf27bd66b760c885,55fd63ab854f71f670c5ba5bff49c967911f2f6a,d959ccf15cca79177317cd061f6e7f46,36,60
ec8a52d55cce244ac7d599b9a54b6aae59b73224f6b379c9ab999ab2a567709e,628b2133e6ed21453e058072cffcf2ccf2f794dd,671887f69ef34ed7729ca19ca070f70e,39,65
df45ff92cacd8cb1c8a6d300a094853db27d4bafc8423ddab6e2e5ba0c2f3c35,2acade95e1e9b2c87254576189f4ef23f2d175f1,d5c2375f81648c8bc467c52cfdb37366,16,57
098a32bfcd332f71fdb65cf704994c70cf6390110340c809ae2cc66bddfbde04,8c7f75c3cf3d6a0c5bee876ee8b98045a186e154,94dfabcfd1c2a9197ff2938cd52bad46,16,66
57700bbf7260304d99b69586cc8e553acf36c4c3dd62032e069215ac35446a3e,6af54217d472ce3e05097629bd94ca9e3df4c506,557894d353f5ed549761d17a537912c8,0,56
8acb2b5180b8cf98903a60a80221c5f270fc66bd15e2948f8d56d546bdc2a065,9fff390a9281d5380a610cc50a56ff46f3bfce96,560618302b4a4115b657453c2f74b335,18,62
b8643de9ae627c775d2753a270a963850cbc097a4d82e06898b951b0aeefa686,c3073c27b2dee5941ec0aab7a1aea3261068470e,4d558b30ec2aa8ccbeb864d18064aefd,32,61
8bac59b258ea8ea81eccb35b6e2a4bb78e415c84ea9a7c24a46727d5be8c3023,969ff934b3e2d0cf97054b97e74597a6fd5a03bf,8a745bd65f32190da2c625f016f14a39,41,67
a9c94b48c4832ea9d43e02d018bde04ed4240b24762f7843d1f634ca0d8e045f,1bf6741d82afaaccab3f3e215271a05c55b19077,d8a18fe8b1957725d1e9126e9783d8c4,31,59
04e9c6fed70bd3c37fa650edfddb4066c56d4b8cc5b1bf765e7cf2722078bbdf,05a3c34441ca5ddacc54175bf15bc4df94f96e65,e626771ef059246972ae8b4ea0df074c,38,62
89e52c56db06c2205359f2bd4f0b6e4cfc3807e78079cc2a13ac575e5fb8e976,5698933814c895e34a3fdcca8c45825bba78e237,df12b96e6cc6ad40ecbb30fa97100a36,32,61
9f45d2565f9a142cf8c52b2323c5e3d14e9ef0f74adf7f9298814f3e6dbb1c93,c692c29b8fe4d77ccac70e8a58076ab347613b63,d47befd1774b096afb0f6e5e2adea52f,33,67
a09e1cf2e6514a984917f749815861f8dc3730164fa5ba92c50628ff948d38d9,a7bd3e84616fc6017b8085b777106e1932330a4a,62f5db5df34e50de3092e3e15b64de99,21,61
5ab7c5851c7cbf56e8bd125fb94f3dd0b0504fc53a087b1ebb390ae1b769e0e0,ce4a321b80629bcd7caeabd18e9b417292d8d146,21d4f98a3a3a4799a2cf1c77c233f96c,40,55
74ceabffa2f56bc92e1fc4b30053f3d57081ea9ecd183f558d38ea7d45b25022,14c08da157617dbce98665c63e9140e131b48b9b,843ef5805c67e4c8ab6eff537b88524c,7,56
2bfc131b8bdef843b80886462706b758a483a160b7fff48eff09478d78c37d07,d15eb0aa149ac99d5b14eb72d2d5116b7fcd8598,3503a668f0db50e4e19d5047aaf682b3,35,61
b96c79ff7e741638ee99fc0461688440276bdb9df395d5325915408efd174876,cb969dfeee0fac7c84e0de81c1d56641ad068871,20d0f3a8ae795b85fd86cac5ef665e46,47,69
42f7733efb9299efd82c35a95c0de1e5cf1726e057852500851179d7eb86464e,7e8f143756dfc577305fce8678fcd2d2ace3d285,34d7d95c0a3b9138805688e1bc586a16,33,61
ed75fd40d6bb17a1e7bf8a11dde5fc2e91195bfe8adf99f92ac25c945edc70e4,a704562798f00e25434492118ba40bd8fec27595,a440eadb6e885ce1dbd91af346bd2c5b,36,68
fa5502396dc7ec0fc5508d901eb8b3e555558cdbaff338a1911db0edd4563b78,fa785ccc69ec30254ee9b81f87dca6764350075e,28e013c2654f47916f1a62cf09308cad,48,68
fcf3b5248e8d60621c463b1146df0b10d13bed5dbc9fd70a0ad12d8a1d56f186,1e9a398f3f61c0e370517670b8f1d44016a39f1b,646801cd4d9d42c5be8b56d4db220898,11,60
8fea853869505b25810942547c6ef28a4126371c92af9b7ac250d556fd830951,52e158fe74cc64e6e542d5b1674393976b44a3a2,f8d911731449b581615976ea349d895a,25,60
bb483b1ecca86f4e8de05db514da8a868a13177793c85e2ffd41cb6e035afcea,41b53152d3a926a34b3f68f1940a94d0823f69ff,f3df67b73bab2b9d2ea241f5622bc54f,36,60
401c39f159ea8cadf438a9cbfaa9624ce6cf138d3522b5e684b635a362c1dd34,2f92e1c40a44f7afb9f6bafbd13dfc783ff0a977,46e3f3684a52c6a09bbbe56333dbe1fd,50,68
45964a7afb9d41eb319161c26215c5bea0334b388ecfb1520b83bb2d6984ad5e,340c4f2af6d62411c4811281617d5044ab834694,3790f02072e049dcc5ac5e49eae2527e,40,62
dd1d220252175b5dc60c42ba3b8b16b5720f58ca3d20ee766a2b2a57d9637b92,63e2452b965e10d73a622c0e88ab08b66c496484,6c516ac4c9863a0c0fa5c5d9db99121d,20,59
0392bf70244ded4e9d61bdb9197864881a4f5c85a8314b675388e54b8080c3fb,fd02152e31c1650d695ce7b541fb5f6f621dc7ef,85c2b4dc426a3020849e4e44d6d356f7,47,67
e36594f316d20c3f0fb948a9c12a0190b872265c7ba49ebb4ffab701f38bbdd9,cdad223f57b289f0a31df86dc254e13325289f6b,5d0d79406f8e894b3146ecbbf8e27465,42,67
39a0c6da93745d8ff076d49c6ac799ee1df3cbb00dd4d0345517775966465ba5,33323f6edae80cac87dcb8858ad68cacb8f98b56,63a19ce41551cf2a4a0085376e054581,34,61
91f4f451fecf02c141d2bb2d955577168cd29867c23ef8ef953f22b04d95fe6f,821fa3ba68b9e5463d29fb36fdc43b6be966c326,6c230795458f2efb5d0a2528b7275f25,37,58
99abfafdb343b82226de4a99de9ab1da29ea9e991749cfc9c70b0e3804b72659,b50d0b5af43b6ae8bb3948b628b54d732b77e113,436655bfbf2953b53bfd58cbce94fb85,40,63
149d9555994e5930d863674a2c55d295d5a19446bed86ef1079ccbbbdae9975f,dafd4a5f1924eca548e6b8ff7f88fd8826eb2584,ba0022a82e893e3478af3d3e4ea8d33e,54,69
8b79c8ef55dff2339f146a95f2bf5928be3256b460d06fcdb175d9bd7d0b817c,20ff396f936a9b963a3d94493b0e9dd3e1eea816,cf087f5735c3cc3bafbd27830da57e14,26,58
61469a1a12ec1dadb9f884a0f07c23d7de89e77cb687bb6919c555de6ca8dc22,c3ecf5f838bad309a49bcb27019ee8fb33fd3623,10397feb14b5e8aad2b1e8fd3686763c,56,69
a49e20c8211e8f4268b0b5c13b4f1d70a0b74dc24e8a08a857cd2b1ff4ad4c3f,5d8c321334e2ba433c3e691bbae7e554aeb3e20a,792356100c405ab950340a311df02764,10,59
dc2c8a143099b03f2de31b05cf02a7dc68e88b330c8f5a7f9536c69963293380,5f4b437ce703ad85ec0d52a83a8f96c2f9491c29,be19ba6e627b0cb5a1e4acb7c725a240,15,63
d788b085cc98c274abd24c4ac8d00f870297dc4f5b68684af8a5c328cc50beb4,7014d9c67d8a44a8eff67551786b74f74dfa47e3,807f55cee679ba76724aee80756a0c4f,51,68
4e19a6c2fb2fd245e5c2097ff4d91aa86c4f49aaa4fbdab4cae046e3e02d0e52,553a62ae41e6ca20820a99b042e641cafb43392d,bda3e97ffdbdc02c90f1bb682616ad88,45,67
f42557743e88d50544f011d55f67023915bacac6db0e9bde538b7d8e76e047a8,b8e2b4ed6246f0909ae31c334c9aef959ab3f851,cbc313ddccede4e1abc2eb066210eb3e,29,65
6e8a08d6caf0e0ad6a555da452f403b0bcf2e8fdf8f968130eda3686a4e1555f,e64d150e76a7f389f928c8632e8f5e04637150bc,8f03f7ee05c78eb5fdabb6df801a9f76,26,62
5d8764509388375ec4ebd3a54b9faf5d471f942bcd3f563b5bd7567a01a9c0c7,739b5c972b9feb36ad3c1aca49845566568faf62,8b3fae9e8680e097451b0e98657b24f3,33,61
ce4e353010b100024d7cca45d5580d1464c9d59044f84bdb147b7f539257b47d,b4bd63f1ebc8afce73fd63ad6ddce65abe698a45,6a29c3271821324fd15395a3fd9c94db,38,60
23b5fe73bdd8b6e5ae52db3a12e5c857e0501cf9a60e17abd63cfed07f0dce69,1a27af5ea51951984d0f4418c46e3e5ae96437b7,83cb351e648160068013169d4a6681f0,22,60
9f59a9c7a38d8031c5b0829da6c4c10951b1de67adada4f567449d4b6ea8d83c,1b9be49206b5c9c88847ba83ff4971902ff033b9,c052190b60d83304962baa2f4381ee06,39,66
b9885b77fb51673d8d9835c1f784b2398d2c94ecb97433c335e93cadf62c876b,7cf95f8df2739f8d988816a8d340e4d013db2bd7,a32bb5287f4d39d955723b4cbcdf073a,13,57
ff0de96ce6d1caa0b3b22ae460548ba6f9e2bb6a14f5adef42649eda1b204b89,abd9878e3a98a33633329845cb83a15401b39304,5949085c9f589beb144d3754ac2e31a0,24,57
709aff2453909486058b4b46d2e53dc9bb970aaa2966bae1986e9de0c4b1836d,3f566ec97c15cacf4730de224bd269fcd449d4db,604b759172262363118ab37833ca63bb,53,69
20659aafbba3e4a455158986bbc6f1167b6494250df7e5b8284dc4d9ca730719,7cdd9613efb9b8cca6abd30910cefa62af335eb9,f488681ca7b8b8587e378b12ca6df5c6,32,61
05f57a596df25f644b493c9b68f3443c6b2e61afe036701444d1d8d81775a8c9,1d671327aa100f191a614ac6b9bb3a165e1e44cc,2c2588d2e27e09d7ce23ae9352329a97,28,58
77e2caf4331dde22109746028c48d4756e4044edfe826d9b2757d4851f7548e9,3a22126ccab6730d0969324ee38fd1ab6c5b338e,78b69e49f0a5f21fa0f32efc586127d1,42,66
2f0511c3d835ea96b08b6fd8f707778bc11a91eabb855b2098410e211b7d8f4d,1bde51a15d6a21960bb1da6667d526ffad255754,b3ca3feb91477ee922de36b93c594f51,40,60
695ea6958f8fca4e821d1de84fc4909c6625265c3920cae3162275827c2c541d,149d4423a8fc6477c24e69dbc18c8ced27026eee,bed84d1d81076f8074809bc1c37cf92e,50,69
5ad9093d9349b0b87ee912eca2ed0a3b0b2d0cfba3ecffc8fa09142149d34dc8,248423df9bc8dff47afa99d69584d908749ba481,33ff28072a93d566a99b79820e09ca2a,21,62
cadf6d6a91c8c4e8576468e393638eb7ee477490c5a8a7d0fe9e919b6a6d93ec,88178d1f6e0ad8f120a542f1314f5f4dd907f6ff,358bd28cc6d56ab308c4a413b2de32f5,29,67
da713b02c4b037782aab8b4e43ca30d733ef1bf17a5917dad232abc224adadd6,856b871ca2eb2652c18b94cf731aa284cfc4fd34,7dd148d2b77f2fa90e1fd820c3805050,26,57
a7188d027b8791abfc152dc7d9e6c379a358d27cc696f5029be757fb9692e49c,50b4e6f085ba8527ce11be13fad08afda49ba6e2,2db09418c2e667d7eceb1126303910d8,35,61
5bdc507edb2b1703c5f0ed66591094b4f2923935a70fd237b76e7230de78ddc9,0655e13919a7a2d092725b9e5406df094fa63721,fc977eba1667fa73a28477ecce72fbdd,29,57
77d577a9e5b5a5586e42f6dd6dbdd4ed5afa42c432c6393a981875e2e34eaea9,a65cea483826d1c5fdce182ba6ca199f389c50e7,b09733640bc3bf31caa497e2b2745bde,22,58
2945b78f1df308e1e0c184b47050eb5143c1daadd57ea8eb5eadc4730eaa2f2a,027657531c6c03281fb87b8b026200b25c6cf87a,4de228a23fa5bf52c82ec784001163ee,11,57
df16e5de8f0a2d2dd9ef3cc8cc2b544840ade7aca0e9067220d512b2ff697f00,716128b3759715ce50c81c612615485c8f85dc4b,7bd7363c595f4ce687355078f265b00c,31,67
8db5e29cf863c693798285ce16a4d0bb918583523532d1e79d950c28352f6fe2,811fd062284173b6ae17a99d8e1eb8503408262a,c3eeffbbfc4bb5fc7828b4950fd1b0d0,27,59
f6d328b383e179f3c0918c3e97964151319444ea9f22e0d667c831dfe8d26069,594b0adbea0f4145f234d862ac1c2fed4c7b638a,607afbfc6f90d724bd7014ca4ab30be5,52,69
0e08d797fbc53e6daa76d0961c1dec3063659cbffbb32ef332243f768ce27402,0204c3761ad22d1cc5827ce3ae7f2a3deb611d2c,e89decc1f703205c7a8f3d7e20dec4ca,17,57
d4ff87ac8d8a3c1fc56e14cfd06c16171831112967594c1e5d6a94d332fda0fb,90a71daf5dc2226394dd7c2d1382c7264c720fde,f90421c8ae5dcc342114dc446c72899c,19,60
c87a1308b5783b9d4261acb4704cdbfa482bd5b3080b3f1399424610161386a5,75c1d0f6d7afb25ac250c35254bde86e33ade416,f22e2ffc7411fb58eb81812056af94f4,46,69
1c4444b2fa36d61a36a5b86079388499be1058de927af838e6ad77b81a36b477,68e15d310250346b92e2171b1eb20a87078e2e18,79f5eae0fef48b812f360407a594b55b,36,61
63e7e513816c7c57a6180117a0cd7532d1f9907fe70fde72cac38089e00d5e3d,b39187f06f2b7971162c28f29ae49fefc7cab661,e1c6e7fc59cf27f15e1249439756f37d,34,60
818bbf28ed1b57f6b62a4a4cf4260f51089cc68b4ec0dd040c296e6671de872b,84fdae341ca87570f306b1c3256f0e551cd2cfe7,678d3f812d74d81d138f026156c10687,28,59
13997ca8537609439505135fd73fbc53cd410fc54f307b8050c84b0c85bcc920,b618c0f1b5c453afb85905e0bb8c1c8351cc5c44,db936d1f66b45cb0667faa86e10e3d73,48,68
18e567faf1360f9188e37a7affa92286972f148814aa92f69b68b894e2648e5b,9b85a42192c7936b08abc7ce6325f79cd3f30dbb,da3b405302f05a2175562bcb3e3ae266,37,58
d07daf8703bbcca29e719ba1b1dd6613b055a60af9bdfcf56182b3fc8ead18bc,afc4b92a09245c1a8ccc03a5d4372a3ad0d141f9,fcc3ec8cc501c7b998e17611fcc37c67,34,66
cc8b096d71a4734e17e6f1bcf10d9730e5a2b3ab15b7e89852a4cdd204563d29,ffbb7c8ccbdf7e668e28481cd72ab24a4bd5c419,b02c6f0db629e09a7590bdbadf0b4bc9,41,67
252000fc9c9a045eaf95df97586560bdd0c54dccb2de64fe2197d0a4b4069b0b,9505a1601f65f227167aafee101c1dd042e8d3eb,3fa704055adc942da4b007babceeffbc,39,65
